4201053a-77e9-4b31-a9bd-c4b4d7c011c8	840207e5-a75a-47ab-a953-aea996810d64	Novo Lead	0	bg-muted-foreground	2026-07-07 19:26:17.205637+00	2026-07-07 19:26:17.205637+00
1ddfa7d9-3211-42a6-8bbb-ecb69eccf507	840207e5-a75a-47ab-a953-aea996810d64	Qualificação	1	bg-primary	2026-07-07 19:26:17.205637+00	2026-07-07 19:26:17.205637+00
5fbaeb76-94a2-4544-8bc1-89f7ab00a180	840207e5-a75a-47ab-a953-aea996810d64	Proposta	2	bg-warning	2026-07-07 19:26:17.205637+00	2026-07-07 19:26:17.205637+00
509e83e8-1b96-4a6d-9958-ba40efbf2ddb	840207e5-a75a-47ab-a953-aea996810d64	Fechamento	3	bg-success	2026-07-07 19:26:17.205637+00	2026-07-07 19:26:17.205637+00
a406b98d-edf0-4ef7-993e-f7c342f58871	a21c3964-e289-4e2d-9267-7ea3244e4647	Onboarding	0	bg-primary	2026-07-07 19:35:31.093168+00	2026-07-07 19:35:31.093168+00
578592cd-17f8-43a6-a1dc-dccb3133058c	a21c3964-e289-4e2d-9267-7ea3244e4647	Ativo	1	bg-success	2026-07-07 19:35:31.093168+00	2026-07-07 19:35:31.093168+00
79143082-a90c-4399-ac23-b596fa8b6eca	a21c3964-e289-4e2d-9267-7ea3244e4647	Em risco	2	bg-warning	2026-07-07 19:35:31.093168+00	2026-07-07 19:35:31.093168+00
452a4913-ed46-4fd5-aed9-d7734adfb0d1	a21c3964-e289-4e2d-9267-7ea3244e4647	Churn	3	bg-destructive	2026-07-07 19:35:31.093168+00	2026-07-07 19:35:31.093168+00
24bc1184-62ba-4962-a359-f6aaa67558a6	48fdaf24-a49c-4d42-beea-67fdbe30e5d1	Novo Lead	0	bg-muted-foreground	2026-07-07 19:54:26.840596+00	2026-07-07 19:54:26.840596+00
3925b875-1a8c-4a8a-8c12-7f9868847f0e	48fdaf24-a49c-4d42-beea-67fdbe30e5d1	Qualificação	1	bg-primary	2026-07-07 19:54:26.840596+00	2026-07-07 19:54:26.840596+00
341379b9-80a9-4094-a3f4-2e71256d84dc	48fdaf24-a49c-4d42-beea-67fdbe30e5d1	Proposta	2	bg-warning	2026-07-07 19:54:26.840596+00	2026-07-07 19:54:26.840596+00
0726b525-dd69-47f0-a699-e65a57f60760	48fdaf24-a49c-4d42-beea-67fdbe30e5d1	Fechamento	3	bg-success	2026-07-07 19:54:26.840596+00	2026-07-07 19:54:26.840596+00
a7799d7d-e9b0-4036-8c91-7847b766e67c	635b3eb5-3dcf-431f-aa66-b9bcb2b61401	Novo Lead	0	bg-muted-foreground	2026-07-07 19:54:35.86453+00	2026-07-07 19:54:35.86453+00
d124b2f8-aad5-48b2-a011-a864825a6766	635b3eb5-3dcf-431f-aa66-b9bcb2b61401	Qualificação	1	bg-primary	2026-07-07 19:54:35.86453+00	2026-07-07 19:54:35.86453+00
305c0eb0-bc1c-481e-a5e9-3d227becc63b	635b3eb5-3dcf-431f-aa66-b9bcb2b61401	Proposta	2	bg-warning	2026-07-07 19:54:35.86453+00	2026-07-07 19:54:35.86453+00
fac76e1b-dfa9-4ed8-b064-2b319e0ad934	635b3eb5-3dcf-431f-aa66-b9bcb2b61401	Fechamento	3	bg-success	2026-07-07 19:54:35.86453+00	2026-07-07 19:54:35.86453+00
f67c75a3-35f0-4ebc-a6e4-e42a3e5de0ba	e5e0b073-18ab-4d77-8b2c-75579af1dcbf	Novo Lead	0	bg-muted-foreground	2026-07-07 19:54:54.120444+00	2026-07-07 19:54:54.120444+00
6447be72-be49-44e3-8305-f11d48cfc522	e5e0b073-18ab-4d77-8b2c-75579af1dcbf	Qualificação	1	bg-primary	2026-07-07 19:54:54.120444+00	2026-07-07 19:54:54.120444+00
391702a3-7152-4f8f-9612-4dd3959c7e36	e5e0b073-18ab-4d77-8b2c-75579af1dcbf	Proposta	2	bg-warning	2026-07-07 19:54:54.120444+00	2026-07-07 19:54:54.120444+00
f42a13f2-6173-4e33-abb8-0382e9a79dc6	e5e0b073-18ab-4d77-8b2c-75579af1dcbf	Fechamento	3	bg-success	2026-07-07 19:54:54.120444+00	2026-07-07 19:54:54.120444+00
20268868-0df2-4404-987e-f7bec6fa39ff	03b81270-f7a5-48f2-bf56-2eaab2d15bdd	Novo Lead	0	bg-muted-foreground	2026-07-07 19:55:01.649113+00	2026-07-07 19:55:01.649113+00
70cc520b-2b7d-484a-aa08-f722f09ea537	03b81270-f7a5-48f2-bf56-2eaab2d15bdd	Qualificação	1	bg-primary	2026-07-07 19:55:01.649113+00	2026-07-07 19:55:01.649113+00
c11d8cdd-2e57-4732-852d-e3f63d4d84d1	03b81270-f7a5-48f2-bf56-2eaab2d15bdd	Proposta	2	bg-warning	2026-07-07 19:55:01.649113+00	2026-07-07 19:55:01.649113+00
5e0f359b-d662-4e1b-89f7-996be7220965	03b81270-f7a5-48f2-bf56-2eaab2d15bdd	Fechamento	3	bg-success	2026-07-07 19:55:01.649113+00	2026-07-07 19:55:01.649113+00
60f5a6ce-f2a2-45a0-ae35-007be46ebdd5	595eefbc-9a6b-49d9-bb45-30874aaa2f6c	Novo Lead	0	bg-muted-foreground	2026-07-07 19:55:08.088543+00	2026-07-07 19:55:08.088543+00
7473fda7-e448-480e-840c-59d6bf18eec8	595eefbc-9a6b-49d9-bb45-30874aaa2f6c	Qualificação	1	bg-primary	2026-07-07 19:55:08.088543+00	2026-07-07 19:55:08.088543+00
4fd57b5a-386a-478b-b5b0-24a747ab7b01	595eefbc-9a6b-49d9-bb45-30874aaa2f6c	Proposta	2	bg-warning	2026-07-07 19:55:08.088543+00	2026-07-07 19:55:08.088543+00
67c9ceb0-c643-4308-9810-4f9a21098acc	595eefbc-9a6b-49d9-bb45-30874aaa2f6c	Fechamento	3	bg-success	2026-07-07 19:55:08.088543+00	2026-07-07 19:55:08.088543+00
50040b5a-54d3-483a-802d-1723530ee70a	da4982f0-7091-40a4-becd-50e319ba5037	Novo Lead	0	bg-primary	2026-07-13 23:40:40.913027+00	2026-07-13 23:40:40.913027+00
6c0f729b-4964-4580-a9f6-1ac096b0d970	da4982f0-7091-40a4-becd-50e319ba5037	Qualificação	1	bg-warning	2026-07-13 23:40:40.913027+00	2026-07-13 23:40:40.913027+00
184475d6-bf06-4bae-95cc-084d558bca3b	da4982f0-7091-40a4-becd-50e319ba5037	Proposta	2	bg-accent	2026-07-13 23:40:40.913027+00	2026-07-13 23:40:40.913027+00
35588b70-18e4-4218-b499-2b43f4caeb6d	da4982f0-7091-40a4-becd-50e319ba5037	Fechamento	3	bg-success	2026-07-13 23:40:40.913027+00	2026-07-13 23:40:40.913027+00
d2e75f0a-1685-43e2-b5a3-c05e363a823a	4bbd881e-21eb-4dd3-9dc9-e29e7894c7cf	Assistência inicial	0	bg-primary	2026-07-13 23:40:40.913027+00	2026-07-13 23:40:40.913027+00
bb2f42d0-a8fe-4309-844a-b0d126608081	4bbd881e-21eb-4dd3-9dc9-e29e7894c7cf	Gestão documental	1	bg-warning	2026-07-13 23:40:40.913027+00	2026-07-13 23:40:40.913027+00
cc82a613-e7a0-4d1f-9fb0-d4e78141422f	4bbd881e-21eb-4dd3-9dc9-e29e7894c7cf	Acompanhamento de processos	2	bg-accent	2026-07-13 23:40:40.913027+00	2026-07-13 23:40:40.913027+00
69e035a1-cce0-4c3d-a064-c4ccade454bb	4bbd881e-21eb-4dd3-9dc9-e29e7894c7cf	Interpretação de contratos	3	bg-success	2026-07-13 23:40:40.913027+00	2026-07-13 23:40:40.913027+00
3ed77da4-0eb5-4a63-ad77-d102ce157da0	d3f6ee83-b080-4f6c-acbb-d3d16c86cdb6	Novo Lead	0	bg-primary	2026-07-13 23:40:40.913027+00	2026-07-13 23:40:40.913027+00
d274884c-a327-4a93-ab6e-bb6134f10b87	d3f6ee83-b080-4f6c-acbb-d3d16c86cdb6	Qualificação	1	bg-warning	2026-07-13 23:40:40.913027+00	2026-07-13 23:40:40.913027+00
ceb956fd-47db-44dc-931d-5fbd7ec64954	d3f6ee83-b080-4f6c-acbb-d3d16c86cdb6	Proposta	2	bg-accent	2026-07-13 23:40:40.913027+00	2026-07-13 23:40:40.913027+00
e7c95110-d66e-4699-8d36-548c40b41e66	d3f6ee83-b080-4f6c-acbb-d3d16c86cdb6	Fechamento	3	bg-success	2026-07-13 23:40:40.913027+00	2026-07-13 23:40:40.913027+00
7bd8efa0-a398-47ae-8ba7-cd377ac41219	63cc039e-fc1a-4599-a723-6a85f0a754ea	Triagem e Qualificação	0	bg-primary	2026-07-13 23:40:40.913027+00	2026-07-13 23:40:40.913027+00
dca5bce3-6be2-4402-937b-89477afe1f1b	63cc039e-fc1a-4599-a723-6a85f0a754ea	Abertura/Acionamento	1	bg-warning	2026-07-13 23:40:40.913027+00	2026-07-13 23:40:40.913027+00
c3cb03ef-2799-4b2a-bec7-5e0cda79adf6	63cc039e-fc1a-4599-a723-6a85f0a754ea	Monitoramento	2	bg-accent	2026-07-13 23:40:40.913027+00	2026-07-13 23:40:40.913027+00
c44e8c8d-f8bd-436f-8efb-115ae014451a	63cc039e-fc1a-4599-a723-6a85f0a754ea	Pós-Atendimento	3	bg-success	2026-07-13 23:40:40.913027+00	2026-07-13 23:40:40.913027+00
2346fd0f-448c-48df-8941-0b3641dce686	79127b9d-3bd8-43b9-a217-2280f1e81081	Novo Lead	0	bg-muted-foreground	2026-07-14 00:19:20.771405+00	2026-07-14 00:19:20.771405+00
a278576c-5d49-4554-858c-5b817f5d2ecf	79127b9d-3bd8-43b9-a217-2280f1e81081	Qualificação	1	bg-primary	2026-07-14 00:19:20.771405+00	2026-07-14 00:19:20.771405+00
22848bf3-c3c0-4112-9eac-9fb1565fc87b	79127b9d-3bd8-43b9-a217-2280f1e81081	Proposta	2	bg-warning	2026-07-14 00:19:20.771405+00	2026-07-14 00:19:20.771405+00
24de3877-4e3c-4ebb-b112-8339a688671f	79127b9d-3bd8-43b9-a217-2280f1e81081	Fechamento	3	bg-success	2026-07-14 00:19:20.771405+00	2026-07-14 00:19:20.771405+00
c2c8fdb6-b4bd-49eb-8c96-00485a6c9c90	d83a2e9b-f893-4f66-944a-471d0441a5f1	Novo Lead	0	bg-muted-foreground	2026-07-14 00:19:20.771405+00	2026-07-14 00:19:20.771405+00
115b0419-2fa3-48e7-bce8-f7674846721e	d83a2e9b-f893-4f66-944a-471d0441a5f1	Qualificação	1	bg-primary	2026-07-14 00:19:20.771405+00	2026-07-14 00:19:20.771405+00
baab963b-605a-4476-b927-bb5e0e307027	d83a2e9b-f893-4f66-944a-471d0441a5f1	Proposta	2	bg-warning	2026-07-14 00:19:20.771405+00	2026-07-14 00:19:20.771405+00
6f5d6bed-031d-44ba-bacf-3e944b0039a5	d83a2e9b-f893-4f66-944a-471d0441a5f1	Fechamento	3	bg-success	2026-07-14 00:19:20.771405+00	2026-07-14 00:19:20.771405+00
70778bee-2a82-469d-ba21-2fc5fc692b30	23722067-2a83-423f-bc98-0daa14885429	Novo Lead	0	bg-muted-foreground	2026-07-14 00:19:20.771405+00	2026-07-14 00:19:20.771405+00
99507c1f-9c50-4780-8076-4aa9898e6583	23722067-2a83-423f-bc98-0daa14885429	Qualificação	1	bg-primary	2026-07-14 00:19:20.771405+00	2026-07-14 00:19:20.771405+00
9a803e35-dfec-4a29-93d3-53ef64d3900f	23722067-2a83-423f-bc98-0daa14885429	Proposta	2	bg-warning	2026-07-14 00:19:20.771405+00	2026-07-14 00:19:20.771405+00
f69debd5-dab8-4e1b-b61b-1d60263447ee	23722067-2a83-423f-bc98-0daa14885429	Fechamento	3	bg-success	2026-07-14 00:19:20.771405+00	2026-07-14 00:19:20.771405+00
